"pt-141-p41","PT-141","deep rose","10mg"
"the-limitless-stack-semax-selank","LIMITLESS STACK","cyan","Semax + Selank"
"klow-tb10-bpc10-ghk50-kpv10-k80","KLOW STACK","teal","TB10 + BPC10 + GHK50 + KPV10"
"oxytocin-acetate-ot5","OXYTOCIN ACETATE","deep rose","5mg"
"epithalon-et10","EPITHALON","gold","10mg"
"bpc-157-research-grade","BPC-157 RESEARCH GRADE","teal","Research Grade"
"mt-1-mt1","MT-1","deep rose","1mg"
"lemon-bottle-le10","LIPOLYSIS STACK","red","Lemon Bottle Blend"
"ghrp-2-acetate-g25","GHRP-2 ACETATE","royal blue","25mg"
"tirzepatide-tr5","TIRZEPATIDE","red","5mg"
"bpc-157-bc10","BPC 157","teal","10mg"
"nad-nj100","NAD+","gold","100mg"
"ll37-375","LL37","teal","375mcg"
"ghk-cu-cu","GHK-CU","purple","50mg"
"semaglutide-sm20","SEMAGLUTIDE","red","20mg"
"the-shred-stack-tirzepatide-aod9604","SHRED STACK","red","Tirzepatide + AOD9604"
"cjc-1295-without-dac-5mg-ipa-5mg-cp10","GH SYNERGY STACK","royal blue","CJC 5mg + IPA 5mg"
"tirzepatide-tr20","TIRZEPATIDE","red","20mg"
"tirzepatide-tr10","TIRZEPATIDE","red","10mg"
"ss-31-2s50","SS-31","royal blue","50mg"
"lipo-c-lc10","SKINNY SHOT","red","Lipo-C Blend"
"bpc-10mg-tb-10mg-bb20","WOLVERINE STACK","teal","BPC 10mg + TB 10mg"
"retatrutide-rt40","RETATRUTIDE","red","40mg"
"semaglutide-sm10","SEMAGLUTIDE","red","10mg"
"semax-xa5","SEMAX","cyan","5mg"
"snap-8-np810","SNAP-8","purple","10mg"
"tirzepatide-tr70","TIRZEPATIDE","red","70mg"
"cjc-1295-without-dac-cnd10","CJC-1295 WITHOUT DAC","royal blue","10mg"
"ghrp-2-acetate-g210","GHRP-2 ACETATE","royal blue","210mg"
"ghrp-6-acetate-g610","GHRP-6 ACETATE","royal blue","610mg"
"hexarelin-acetate-hx5","HEXARELIN ACETATE","royal blue","5mg"
"mots-c-ms40","MOTS-C","orange","40mg"
"bpc-157-bc5","BPC 157","teal","5mg"
"tb500-thymosin-b4-acetate-bt5","TB500","teal","5mg"
"selank-sk5","SELANK","cyan","5mg"
"retatrutide-rt20","RETATRUTIDE","red","20mg"
"5-amino-1mq-5am","5-AMINO-1MQ","orange","5mg"
"selank-sk10","SELANK","cyan","10mg"
"bac-water-ba10","BAC WATER","slate grey","10mL"
"igf-1lr3-ig01","IGF-1LR3","royal blue","0.1mg"
"cjc-1295-with-dac-cd5","CJC-1295 WITH DAC","royal blue","5mg"
"cjc-1295-without-dac-cnd5","CJC-1295 WITHOUT DAC","royal blue","5mg"
"ghrp-6-acetate-g65","GHRP-6 ACETATE","royal blue","65mg"
"sermorelin-acetate-smo10","SERMORELIN ACETATE","royal blue","10mg"
"semaglutide-sm30","SEMAGLUTIDE","red","30mg"
"tirzepatide-tr30","TIRZEPATIDE","red","30mg"
"semaglutide-sm15","SEMAGLUTIDE","red","15mg"
"cagrilintide-5mg-semaglutide-5mg-cs10","APPETITE CRUSHER STACK","red","Cagrilintide 5mg + Sema 5mg"
"kisspeptin-10-ks5","KISSPEPTIN-10","deep rose","5mg"
"ahk-cu-au","AHK-CU","purple","50mg"
"ara290-cibinetide-ra10","ARA290","teal","10mg"
"tesamorelin-tsm5","TESAMORELIN","royal blue","5mg"
"kisspeptin-10-ks10","KISSPEPTIN-10","deep rose","10mg"
"tirzepatide-tr60","TIRZEPATIDE","red","60mg"
"tirzepatide-tr90","TIRZEPATIDE","red","90mg"
"tirzepatide-tr120","TIRZEPATIDE","red","120mg"
"foxo4-dri-f410","FOXO4-DRI","royal blue","410mg"
"melatonin-mt10","MELATONIN","gold","10mg"
"tirzepatide-tr50","TIRZEPATIDE","red","50mg"
"thymosin-alpha-1-ta10","THYMOSIN ALPHA-1","teal","10mg"
"ahk-cu-au100","AHK-CU","purple","100mg"
"ipamorelin-ip5","IPAMORELIN","royal blue","5mg"
"ghk-cu-cu100","GHK-CU","purple","50mg"
"aod9604-5ad","AOD9604","red","5mg"
"retatrutide-rt5","RETATRUTIDE","red","5mg"
"retatrutide-rt30","RETATRUTIDE","red","30mg"
"acetic-acid-0-6-aa10","ACETIC ACID 0.6%","slate grey","10mL"
"glutathione-gtt","GLUTATHIONE","purple","Research Compound"
"nad-nj1000","NAD+","gold","1000mg"
"kpv-kp10","KPV","teal","10mg"
"b12-b12","B12","orange","1000mcg"
"cerebrolysin-cbl60","CEREBROLYSIN","cyan","60mL"
"tesamorelin-tsm10","TESAMORELIN","royal blue","10mg"
"bpc-5mg-tb-5mg-bb10","WOLVERINE STACK","teal","BPC 5mg + TB 5mg"
"pinealon-pn10","PINEALON","gold","10mg"
"dsip-ds5","DSIP","gold","5mg"
"dsip-ds10","DSIP","gold","10mg"
"semax-xa10","SEMAX","cyan","10mg"
"thymosin-alpha-1-ta5","THYMOSIN ALPHA-1","teal","5mg"
"oxytocin-acetate-ot10","OXYTOCIN ACETATE","deep rose","10mg"
"epithalon-et50","EPITHALON","gold","50mg"
"ss-31-2s10","SS-31","royal blue","10mg"
"nad-nj500","NAD+","gold","500mg"
"igf-1lr3-ig1","IGF-1LR3","royal blue","1mg"
"sermorelin-acetate-smo5","SERMORELIN ACETATE","royal blue","5mg"
"tesamorelin-tsm20","TESAMORELIN","royal blue","20mg"
"hcg-g10k","HCG","deep rose","10,000 IU"
"aod9604-10ad","AOD9604","red","10mg"
"semaglutide-sm5","SEMAGLUTIDE","red","5mg"
"tirzepatide-tr80","TIRZEPATIDE","red","80mg"
"tirzepatide-tr100","TIRZEPATIDE","red","100mg"
"5-amino-1mq-50am","5-AMINO-1MQ","orange","50mg"
"survodutide-sur10","SURVODUTIDE","red","10mg"
"hmg-g75","HMG","deep rose","75 IU"
"vip-vp10","VIP","teal","10mg"
"follistatin-fn1","FOLLISTATIN","deep rose","1mg"
"glow-tb10-bpc10-ghk50-bbg70","GLOW STACK","purple","TB10 + BPC10 + GHK50"
"l-carnitine-lc600","FURNACE STACK","red","L-Carnitine Blend"
"cagrilintide-cgl10","CAGRILINTIDE","red","10mg"
"mots-c-ms10","MOTS-C","orange","10mg"
"retatrutide-rt15","RETATRUTIDE","red","15mg"
"tb500-thymosin-b4-acetate-bt10","TB500","teal","10mg"
"bac-water-ba3","BAC WATER","slate grey","3mL"
"l-carnitine-blend-multi-ingredient-lc216","FURNACE STACK","red","L-Carnitine Blend"
"aicar-ar50","AICAR","red","50mg"
"retatrutide-rt10","RETATRUTIDE","red","10mg"
"tirzepatide-tr40","TIRZEPATIDE","red","40mg"
"thymalin-ty10","THYMALIN","teal","10mg"
"hgh-fragment-176-191-fr5","HGH FRAGMENT 176-191","red","5mg"
"cagrilintide-cgl5","CAGRILINTIDE","red","5mg"
"ipamorelin-ip10","IPAMORELIN","royal blue","10mg"
"hcg-g5k","HCG","deep rose","5,000 IU"
"retatrutide-rt60","RETATRUTIDE","red","60mg"
"retatrutide-rt50","RETATRUTIDE","red","50mg"
"tirzepatide-tr15","TIRZEPATIDE","red","15mg"
