date,platform,pillar,copy,hashtags,link,media_note
2026-07-08,X,RUO Explainer,"""Research Use Only"" isn't fine print - it's the whole point. Every compound in our library is for in vitro laboratory research: cell studies, analytical work, scientific inquiry. Not for human or animal use, not FDA-approved.",#researchpeptides #labscience #biochemistry,https://pepnationlab.com/compliance,Static image: teal ""RUO"" badge on dark bg
2026-07-08,Pinterest,Research Comparison,"BPC-157 vs TB-500: a side-by-side research comparison - class, molecular weight, sequence, half-life, and evidence tier. For in vitro laboratory research use only.",#peptidescience #researchpeptides,https://pepnationlab.com/research/compare/bpc-157-vs-tb-500,Pin: screenshot of the comparison table (1000x1500)
2026-07-09,Instagram,Compound Spotlight,"BPC-157 at a glance (research reference). Molecular facts, not claims - one of the most-studied research peptides. Full evidence-tiered monograph on our site. For in vitro laboratory research use only.",#peptidescience #researchpeptides #biochemistry #invitro,https://pepnationlab.com/research/bpc-157,"Carousel 5 slides: name+MW / sequence+CAS / class / studied areas / ""full monograph → link in bio"""
2026-07-09,TikTok,Peptide Science 101,"What actually IS a peptide? In 40 seconds. A short chain of amino acids - like LEGO bricks snapped in a line. Studied in vitro, research only.",#peptidescience #sciencetok #biochemistry #learnontiktok,https://pepnationlab.com/research/glossary,Vertical video - Script 1 (see content system doc)
2026-07-10,X,Peptide Science 101,"Half-life sounds complicated. It isn't. It's just how long it takes for half of a substance to be gone - then half of what's left, and so on. In research it tells scientists how long a compound persists. Plain-language glossary:",#peptidescience #biochemistry,https://pepnationlab.com/research/glossary,Optional: simple half-life decay graphic
2026-07-11,Facebook,Compound Spotlight,"BPC-157 is a synthetic pentadecapeptide (MW ~1419.5 Da) studied in tissue-repair research. Here are the molecular facts - fully referenced, RUO-framed. Read the complete monograph on our research library.",#researchpeptides #peptidescience,https://pepnationlab.com/research/bpc-157,Repurpose the IG BPC-157 carousel as a single image + long caption
2026-07-11,Pinterest,Peptide Science 101,"Amino Acid: the building block of a peptide. Plain-language definition from the Pep Nation Lab peptide research glossary.",#biochemistry #peptidescience,https://pepnationlab.com/research/glossary,Infographic pin - glossary term ""Amino Acid""
2026-07-12,YouTube Short,Peptide Science 101,"Half-life, explained with a cookie. Eat half, then half of what's left... that's half-life. Why researchers track it.",#shorts #sciencetok #peptides,https://pepnationlab.com/research,Vertical Short - Script 2 (see content system doc)
2026-07-13,Instagram,Lab & Handling,"How research peptides are reconstituted - the science. Slowly down the vial wall, swirl don't shake. Free reconstitution calculator on our site (no signup).",#labscience #researchtools #invitro,https://pepnationlab.com/research/calculators,"Carousel: powder / bac water / add slowly / swirl / ""free calculator → link in bio"""
2026-07-14,X,Data & Trends,"Across our 300+ compound research library, the most-cited peptides cluster in tissue-repair and metabolic research. We pulled the numbers into a data report.",#peptidescience #researchdata,https://pepnationlab.com/research,Chart image (from the data report)
2026-07-15,TikTok,RUO Explainer,"Research peptide vs pharmaceutical - not the same thing, and the difference matters. RUO = in vitro lab work. Not FDA-approved, not for human use.",#researchpeptides #compliance #labscience #sciencetok,https://pepnationlab.com/compliance,Vertical video - Script 3 (see content system doc)
2026-07-15,Pinterest,Research Comparison,"Semaglutide vs Tirzepatide: single vs dual incretin agonists - a research data comparison. In vitro laboratory research use only.",#researchpeptides #peptidescience,https://pepnationlab.com/research/compare/semaglutide-vs-tirzepatide,Pin: comparison table screenshot
2026-07-16,Instagram Reel,RUO Explainer,"Research peptide vs pharmaceutical: what's the difference? 30-second explainer. RUO means laboratory study only.",#researchpeptides #labscience #compliance,https://pepnationlab.com/compliance,Reel - repurpose TikTok Script 3
2026-07-17,X,Research Comparison,"Semaglutide vs Tirzepatide - single vs dual incretin agonists. Side-by-side research data: mechanism, molecular weight, half-life.",#researchpeptides #peptidescience,https://pepnationlab.com/research/compare/semaglutide-vs-tirzepatide,Comparison table image
2026-07-18,Facebook,Lab & Handling,"Reading a Certificate of Analysis (COA): what purity, identity, and batch data actually tell a researcher. Our guide walks through it.",#labscience #researchpeptides,https://pepnationlab.com/research/guides,Single image + long caption
2026-07-18,Pinterest,Peptide Science 101,"Half-Life: how long until half of a substance is gone. Plain-language definition from the peptide research glossary.",#biochemistry #peptidescience,https://pepnationlab.com/research/glossary,Infographic pin - glossary term ""Half-Life""
2026-07-19,TikTok,Compound Spotlight,"The most-studied research peptide you've probably never heard of. Molecular facts only - studied in vitro.",#peptidescience #sciencetok #biochemistry,https://pepnationlab.com/research,Vertical video - factual compound profile
2026-07-20,Instagram,Data & Trends,"State of Peptide Research 2026 - 5 charts from our database: most-cited, trial activity, evidence-tier breakdown. Full report on our site.",#researchdata #peptidescience,https://pepnationlab.com/research,Carousel of 5 chart slides
2026-07-21,X,Lab & Handling,"Free tool: our peptide reconstitution calculator does the dilution math for your target research concentration. No signup.",#labscience #researchtools,https://pepnationlab.com/research/calculators,Screenshot of the calculator
2026-07-22,Pinterest,Peptide Science 101,"Reconstitution: adding diluent to lyophilized powder to make a solution - slowly, and swirl, don't shake. Research handling basics.",#labscience #peptidescience,https://pepnationlab.com/research/calculators,Infographic pin - ""Reconstitution""
2026-07-23,Instagram,Compound Spotlight,"TB-500 / Thymosin Beta-4 at a glance (research reference). A repair peptide that regulates the cytoskeleton; often mislabeled. Molecular facts, RUO-framed.",#researchpeptides #peptidescience #invitro,https://pepnationlab.com/research/tb-500,Carousel - TB-500 facts
2026-07-24,YouTube,Authority (long-form),"Peptide Research, Explained: Evidence Tiers, Mechanisms & How To Read a Monograph. A 12-minute educational walkthrough. Research use only throughout.",#peptidescience #biochemistry #research,https://pepnationlab.com/research,Long-form video - outline in content system doc Part 5
2026-07-25,X,RUO Explainer,"Why does the ""Research Use Only"" label exist? It keeps compounds in legitimate research channels - cell studies, analytical work. Not a technicality: it's compliance.",#compliance #researchpeptides,https://pepnationlab.com/compliance,Text post or simple graphic
2026-07-25,Pinterest,Research Comparison,"CJC-1295 vs Ipamorelin: GHRH analog vs selective secretagogue - research comparison. In vitro laboratory research use only.",#researchpeptides #peptidescience,https://pepnationlab.com/research/compare/cjc-1295-dac-vs-ipamorelin,Pin: comparison table
2026-07-26,TikTok,Peptide Science 101,"CAS number = a chemical's social security number. How researchers make sure they're studying the exact same substance.",#sciencetok #biochemistry #peptidescience,https://pepnationlab.com/research/glossary,Vertical video - glossary explainer
2026-07-27,Instagram,Lab & Handling,"Storage 101 for research peptides: lyophilized vs reconstituted, cold chain, protect from light. The science of keeping compounds stable.",#labscience #researchtools,https://pepnationlab.com/research/guides,Carousel - storage science
2026-07-28,Facebook,Data & Trends,"Which research compounds have the most published citations? We ranked them from our 300+ compound database. RUO-framed data report.",#researchdata #peptidescience,https://pepnationlab.com/research,Chart image + caption
2026-07-29,X,Compound Spotlight,"Retatrutide - a triple incretin receptor agonist studied in metabolic research. Molecular identity + mechanism, fully referenced.",#researchpeptides #peptidescience,https://pepnationlab.com/research/retatrutide,Compound fact graphic
2026-07-30,Pinterest,Peptide Science 101,"Evidence Tier: from Approved Drug to Research Compound - how we grade the strength of research behind each peptide.",#peptidescience #researchdata,https://pepnationlab.com/research/methodology,Infographic pin - evidence tiers
2026-07-31,Instagram,RUO Explainer,"Myth vs Fact: research peptides are NOT pharmaceuticals. They're for in vitro laboratory study - not FDA-approved, not for human use. Here's the distinction.",#researchpeptides #compliance #labscience,https://pepnationlab.com/compliance,Carousel - myth vs fact
2026-08-01,TikTok,Lab & Handling,"How to read a Certificate of Analysis in 45 seconds. Purity, identity, batch - what each line means for research.",#labscience #sciencetok #researchpeptides,https://pepnationlab.com/research/guides,Vertical video - COA explainer
2026-08-02,X,Lab & Handling,"Reconstitution in one line: calculate diluent volume, wipe the stopper, add water slowly down the wall, swirl (don't shake), store cold + dark. Free calculator:",#labscience #researchtools,https://pepnationlab.com/research/calculators,Optional step graphic
